"week,rep,dens, prey_in",trial_week,trial_rep,camera_num,video_length,video_minutes,video_seconds,video_subtotal,tank_id,crab_dens,prey_in,prey_eaten,metadat_id,crab_id,aggressive_posture,fights_initiated,fights_responded,claw_strikes,claw_claps,mussels_handled,mussels_eaten,duration_activity,activity_minutes,activity_seconds,activity_subtotal,notes,
1.2.3.20,1,2,1,19:53,19,53,19.88,1-BD,3,20,12,10.2,10,0,0,0,0,0,2,0,3:28,3,28,3.47,GP060796,
1.2.3.20,1,2,1,19:53,19,53,19.88,1-BD,3,20,12,9.2,9,0,0,0,0,0,2,2,0:26,0,26,0.43,,
1.2.3.20,1,2,1,19:53,19,53,19.88,1-BD,3,20,12,2.2,2,0,0,0,0,0,1,0,2:23,2,23,2.38,GP030796,
1.2.3.20,1,2,1,19:53,19,53,19.88,1-BD,3,20,12,9.2,9,0,0,0,0,0,2,2,1:56,1,56,1.93,,
1.2.3.20,1,2,1,8:15,8,15,8.25,1-BD,3,20,12,9.2,9,0,0,0,0,0,3,1,+1:31 min,1,31,1.52,GP070796,Light goes out at 8:15
1.2.3.20,1,2,1,19:53,19,53,19.88,1-BD,3,20,12,2.2,2,1,1,0,1,0,2,0,1:48 min,1,48,1.8,GP040796 scrap @9:58?,
1.2.3.20,1,2,1,19:53,19,53,19.88,1-BD,3,20,12,9.2,9,1,0,0,0,0,0,0,3:26 min,3,26,3.43,,
1.2.3.20,1,2,1,19:53,19,53,19.88,1-BD,3,20,12,10.2,10,0,0,0,0,0,0,0,3:28 min,3,28,3.47,,
1.2.2.5,1,2,1,19:53,19,53,19.88,1-BI,2,5,3,28.2,28,0,0,0,0,0,0,0,1:34 min,1,34,1.57,GOPR0796,"crab has a ""1"" ID, but sheets indicateit should be 28"
1.2.3.20,1,2,1,19:53,19,53,19.88,1-BD,3,20,12,10.2,10,0,0,0,0,0,3,1,4:32 min,4,32,4.53,GP050796,
1.2.3.20,1,2,1,19:53,19,53,19.88,1-BD,3,20,12,9.2,9,0,0,0,0,0,1,1,0:14 min,0,14,0.23,,
1.2.2.5,1,2,1,19:53,19,53,19.88,1-BI,2,5,3,25.2,25,2,0,0,0,0,0,0,0:57 min,0,57,0.95,GP010796,
1.2.2.5,1,2,1,19:53,19,53,19.88,1-BI,2,5,3,28.2,28,2,1,0,0,1,0,0,4:26 min,4,26,4.43,,
1.2.3.20,1,2,1,19:53,19,53,19.88,1-BD,3,20,12,2.2,2,0,0,0,0,0,1,0,0:09 min,0,9,0.15,,
1.2.2.5,1,2,1,19:53,19,53,19.88,1-BI,2,5,3,28.2,28,3,1,0,0,1,0,0,5:56 min,5,56,5.93,GP020796,
1.2.2.5,1,2,1,19:53,19,53,19.88,1-BI,2,5,3,25.2,25,3,0,0,0,0,0,0,1:20 min,1,20,1.33,,
1.2.3.20,1,2,1,19:53,19,53,19.88,1-BD,3,20,12,9.2,9,0,0,0,0,0,0,0,0:20 min,0,20,0.33,,
2.1.3.10,2,1,1,19:53,19,53,19.88,1-BI,3,10,4,32.1,32,0,0,0,0,0,0,0,1:21 min,1,21,1.35,GOPR0797,
2.1.3.10,2,1,1,19:53,19,53,19.88,1-BI,3,10,4,18.1,18,0,0,0,0,0,0,0,0:22 min,0,22,0.37,,
2.1.1.2,2,1,1,19:53,19,53,19.88,1-BD,1,2,0,38.1,38,0,0,0,0,0,0,0,0,0,0,0,,
2.1.3.10,2,1,1,19:53,19,53,19.88,1-BI,3,10,4,18.1,18,3,2,1,0,0,0,0,3:35 min,3,35,3.58,GP010797,
2.1.3.10,2,1,1,19:53,19,53,19.88,1-BI,3,10,4,32.1,32,11,0,1,4,0,0,0,6:16 min,6,16,6.27,,
2.1.3.10,2,1,1,19:53,19,53,19.88,1-BI,3,10,4,33.1,33,14,7,0,5,0,0,0,9:45 min,9,45,9.75,,
2.1.3.10,2,1,1,19:53,19,53,19.88,1-BI,3,10,4,18.1,18,2,0,1,1,0,2,0,3:12 min,3,12,3.2,GP020797,
2.1.3.10,2,1,1,19:53,19,53,19.88,1-BI,3,10,4,32.1,32,3,0,0,0,0,0,0,5:43 min,5,43,5.72,,
2.1.3.10,2,1,1,19:53,19,53,19.88,1-BI,3,10,4,33.1,33,5,2,0,2,0,0,0,0:56 min,0,56,0.93,,
2.1.3.10,2,1,1,19:53,19,53,19.88,1-BI,3,10,4,18.1,18,9,3,2,5,0,3,2,9:21 min,9,21,9.35,GP030797,lots of fights
2.1.3.10,2,1,1,19:53,19,53,19.88,1-BI,3,10,4,32.1,32,10,3,1,8,0,2,2,12:38 min,12,38,12.63,,
2.1.3.10,2,1,1,19:53,19,53,19.88,1-BI,3,10,4,33.1,33,4,2,0,5,0,0,0,6:49 min,6,49,6.82,,
2.1.3.10,2,1,1,19:53,19,53,19.88,1-BI,3,10,4,18.1,18,1,1,0,2,0,0,0,1:39 min,1,39,1.65,GP040797,
2.1.3.10,2,1,1,19:53,19,53,19.88,1-BI,3,10,4,32.1,32,2,0,1,2,0,0,0,5:59 min,5,59,5.98,,
2.1.3.10,2,1,1,19:53,19,53,19.88,1-BI,3,10,4,33.1,33,5,2,1,6,0,3,1,5:14 min,5,14,5.23,,
2.1.3.10,2,1,1,15:51,15,51,15.85,1-BI,3,10,4,18.1,18,1,0,0,0,0,2,1,3:16 min,3,16,3.27,GP050797,
2.1.3.10,2,1,1,15:51,15,51,15.85,1-BI,3,10,4,33.1,33,1,0,0,0,0,1,0,2:35 min,2,35,2.58,,
1.2.1.20,1,2,2,16:53,19,53,19.88,2-BI,1,20,2,19.2,19,0,0,0,0,0,0,0,0,0,0,0,GOPR1433,
1.2..,1,2,2,19:53,19,53,19.88,,,,,,,0,0,0,0,0,0,0,0,0,0,0,GP011433,
1.2..,1,2,2,19:53,19,53,19.88,,,,,,,0,0,0,0,0,0,0,0,0,0,0,GP021433,
1.2.2.20,1,2,2,19:53,19,53,19.88,2-BD,2,20,4,26.2,26,0,0,0,0,0,2,0,2:00 min,2,0,2,GP031433,
1.2.2.20,1,2,2,19:53,19,53,19.88,2-BD,2,20,4,26.2,26,0,0,0,0,0,0,0,1:01 min,1,1,1.02,GP041433,
1.2.2.20,1,2,2,19:53,19,53,19.88,2-BD,2,20,4,27.2,27,0,0,0,0,0,2,0,1:15 min,1,15,1.25,,
1.2.2.20,1,2,2,19:53,19,53,19.88,2-BD,2,20,4,26.2,26,3,0,0,0,0,0,0,5:33 min,5,33,5.55,GP051433,
1.2.2.20,1,2,2,19:53,19,53,19.88,2-BD,2,20,4,27.2,27,6,2,0,2,0,0,0,4:23 min,4,23,4.38,,
1.2.2.20,1,2,2,19:53,19,53,19.88,2-BD,2,20,4,26.2,26,2,0,1,1,0,0,0,6:29 min,6,29,6.48,GP061433,
1.2.2.20,1,2,2,19:53,19,53,19.88,2-BD,2,20,4,27.2,27,6,2,0,3,0,0,0,6:38 min,6,38,6.63,,
1.2.2.20,1,2,2,1:31,1,31,1.52,2-BD,2,20,4,26.2,26,0,0,0,0,0,0,0,0:36 min,0,36,0.6,GP071433,
1.2.2.20,1,2,2,1:31,1,31,1.52,2-BD,2,20,4,27.2,27,1,1,0,1,0,0,0,1:29 min,1,29,1.48,,
2.1..,2,1,2,19:53,19,53,19.88,,,,,,,0,0,0,0,0,0,0,0,0,0,0,GOPR1434,
2.1..,2,1,2,19:53,19,53,19.88,,,,,,,0,0,0,0,0,0,0,0,0,0,0,GP011434,
2.1..,2,1,2,19:53,19,53,19.88,,,,,,,0,0,0,0,0,0,0,0,0,0,0,GP021434,
2.1.2.20,2,1,2,19:53,19,53,19.88,2-BI,2,20,10,42.1,42,0,0,0,0,0,1,0,1:18 min,1,18,1.3,GP031434,
2.1.2.20,2,1,2,19:53,19,53,19.88,2-BI,2,20,10,36.1,36,0,0,0,0,0,0,0,2:56 min,2,56,2.93,,Stuck on back @18min
2.1.2.5,2,1,2,19:53,19,53,19.88,2-BD,2,5,3,30.1,30,0,0,0,0,0,1,1,2:30 min,2,30,2.5,,
2.1.2.20,2,1,2,19:53,19,53,19.88,2-BI,2,20,10,42.1,42,0,0,0,0,0,3,1,2:25 min,2,25,2.42,GP041434,
2.1.2.20,2,1,2,19:53,19,53,19.88,2-BI,2,20,10,36.1,36,1,0,0,0,0,0,0,4:04 min,4,4,4.07,,
2.1.2.5,2,1,2,19:53,19,53,19.88,2-BD,2,5,3,30.1,30,1,1,0,1,0,2,1,4:43 min,4,43,4.72,,
2.1.2.5,2,1,2,19:53,19,53,19.88,2-BD,2,5,3,17.2.1,17,1,0,0,0,0,1,0,0:36 min,0,36,0.6,,
2.1..,2,1,2,19:28,19,28,19.46666667,,,,,,,0,0,0,0,0,0,0,0,0,0,0,GP051434,
2.2.2.20,2,2,2,19:53,19,53,19.88,2-BD,2,20,5,42.2,42,2,2,0,3,0,0,0,1:56 min,1,56,1.93,GOPR1435,
2.2.2.20,2,2,2,19:53,19,53,19.88,2-BD,2,20,5,36.2,36,1,0,0,0,0,0,0,4:59 min,4,59,4.98,,
2.2.2.5,2,2,2,19:53,19,53,19.88,2-BI,2,5,5,30.2,30,1,0,0,0,0,0,0,4:53 min,4,53,4.88,,
2.2.2.5,2,2,2,19:53,19,53,19.88,2-BI,2,5,5,17.2.2,17,0,0,0,0,0,0,0,0:52 min,0,52,0.87,,
2.2..,2,2,2,19:53,19,53,19.88,,,,,,,0,0,0,0,0,0,0,0,0,0,0,GP011435,
2.2.2.20,2,2,2,19:53,19,53,19.88,2-BD,2,20,5,42.2,42,0,0,0,0,0,1,1,0:16 min,0,16,0.27,GP021435,
2.2.2.20,2,2,2,19:53,19,53,19.88,2-BD,2,20,5,36.2,36,0,0,0,0,0,0,0,1:04 min,1,4,1.07,,
2.2.2.20,2,2,2,19:53,19,53,19.88,2-BD,2,20,5,42.2,42,0,0,0,0,0,1,1,3:56 min,3,56,3.93,GP031435,
2.2..,2,2,2,19:53,19,53,19.88,,,,,,,0,0,0,0,0,0,0,0,0,0,0,GP041435,
2.2..,2,2,2,19:53,19,53,19.88,,,,,,,0,0,0,0,0,0,0,0,0,0,0,GP051435,
2.2..,2,2,2,11:18,11,18,11.3,,,,,,,0,0,0,0,0,0,0,0,0,0,0,GP061435,
1.2.3.5,1,2,3,19:53,19,53,19.88,3-BD,3,5,5,5.2,5,0,0,0,0,0,2,1,1:10 min,1,10,1.17,GOPR0052,
1.2.1.5,1,2,3,19:53,19,53,19.88,3-BI,1,5,5,17.1.2,17,0,0,0,0,0,0,0,0,0,0,0,,
1.2.3.5,1,2,3,19:53,19,53,19.88,3-BD,3,5,5,5.2,5,0,0,0,0,0,1,1,0 min,0,0,0,GP010052,
1.2.3.5,1,2,3,19:53,19,53,19.88,3-BD,3,5,5,6.2,6,0,0,0,0,0,0,0,1:07 min,1,7,1.12,,
1.2.3.5,1,2,3,19:53,19,53,19.88,3-BD,3,5,5,5.2,5,0,0,0,0,0,2,0,0 min,0,0,0,GP020052,
1.2.3.5,1,2,3,19:53,19,53,19.88,3-BD,3,5,5,6.2,6,0,0,0,0,0,0,0,1:05 min,1,5,1.08,,
1.2.3.5,1,2,3,19:53,19,53,19.88,3-BD,3,5,5,20.2,20,0,0,0,0,0,0,0,0:15 min,0,15,0.25,,
1.2.3.5,1,2,3,19:53,19,53,19.88,3-BD,3,5,5,5.2,5,0,0,0,0,0,3,1,1:02 min,1,2,1.03,GP030052,
1.2.3.5,1,2,3,19:53,19,53,19.88,3-BD,3,5,5,6.2,6,0,0,0,0,0,0,0,0:22 min,0,22,0.37,,
1.2.3.5,1,2,3,19:53,19,53,19.88,3-BD,3,5,5,20.2,20,0,0,0,0,0,0,0,0:13 min,0,13,0.22,,
1.2.3.5,1,2,3,19:53,19,53,19.88,3-BD,3,5,5,5.2,5,1,0,0,0,0,0,0,0:12 min,0,12,0.2,GP040052,
1.2.3.5,1,2,3,19:53,19,53,19.88,3-BD,3,5,5,6.2,6,0,0,0,0,0,0,0,1:21 min,1,21,1.35,,
1.2.3.5,1,2,3,19:53,19,53,19.88,3-BD,3,5,5,5.2,5,0,0,0,0,0,0,0,0:43 min,0,43,0.72,GP050052,
1.2.3.5,1,2,3,19:53,19,53,19.88,3-BD,3,5,5,6.2,6,0,0,0,0,0,0,0,0:59 min,0,59,0.98,GP060052,
1.2.3.5,1,2,3,19:53,19,53,19.88,3-BD,3,5,5,20.2,20,0,0,0,0,0,1,0,0:54 min,0,54,0.9,,
1.2.3.5,1,2,3,7:11,7,11,7.18,3-BD,3,5,5,6.2,6,0,0,0,0,0,1,1,1:34 min,1,34,1.57,GP070052,
1.2.2.10,1,2,4,19:53,19,53,19.88,4-BD,2,10,7,7.2,7,0,0,0,0,0,0,0,0,0,0,0,GOPR0030,
1.2.2.10,1,2,4,19:53,19,53,19.88,4-BD,2,10,7,12.2,12,0,0,0,0,0,0,0,0,0,0,0,,
1.2..,1,2,4,19:53,19,53,19.88,,,,,,,0,0,0,0,0,0,0,0,0,0,0,GP010030,
1.2.1.2,1,2,4,19:53,19,53,19.88,4-BI,1,2,2,15.2,15,0,0,0,0,0,0,0,0:34 min,0,34,0.57,GP020030,
1.2..,1,2,4,19:53,19,53,19.88,,,,,,,0,0,0,0,0,0,0,0,0,0,0,GP030030,
1.2.1.2,1,2,4,19:53,19,53,19.88,4-BI,1,2,2,15.2,15,0,0,0,0,0,0,0,0:28 min,0,28,0.47,GP040030,
1.2.1.2,1,2,4,19:53,19,53,19.88,4-BI,1,2,2,15.2,15,0,0,0,0,0,0,0,0:34 min,0,34,0.57,GP050030,
1.2..,1,2,4,19:53,19,53,19.88,,,,,,,0,0,0,0,0,0,0,0,0,0,0,GP060030,
1.2..,1,2,4,2:38,2,38,2.633333333,,,,,,,0,0,0,0,0,0,0,0,0,0,0,GP070030,
1.2.3.10,1,2,5,26:04 min,26,4,26.07,8-BI,3,10,2,1.2,1,0,0,0,0,0,0,0,0:42 min,0,42,0.7,GP013682,
1.2.3.10,1,2,5,26:04 min,26,4,26.07,8-BI,3,10,2,11.2,11,0,0,0,0,0,0,0,0,0,0,0,,
1.2.1.10,1,2,5,26:04 min,26,4,26.07,8-BD,1,10,0,8.2,8,0,0,0,0,0,0,0,0,0,0,0,,
1.2.3.10,1,2,5,26:04 min,26,4,26.07,8-BI,3,10,2,21.2,21,0,0,0,0,0,0,0,1:05 min,1,5,1.08,,
1.2.3.10,1,2,5,26:04 min,26,4,26.07,8-BI,3,10,2,1.2,1,0,0,0,0,0,0,0,2:12 min,2,12,2.2,GP023682,
1.2.3.10,1,2,5,26:04 min,26,4,26.07,8-BI,3,10,2,21.2,21,0,0,0,0,0,0,0,0:23 min,0,23,0.38,,
1.2.3.10,1,2,5,26:04 min,26,4,26.07,8-BI,3,10,2,1.2,1,0,0,0,0,0,0,0,2:30 min,2,30,2.5,GP033682,
1.2.3.10,1,2,5,26:04 min,26,4,26.07,8-BI,3,10,2,21.2,21,0,0,0,0,0,0,0,0:48 min,0,48,0.8,,
1.2..,1,2,5,2:47 min,2,47,2.783333333,,,,,,,0,0,0,0,0,0,0,0,0,0,0,GP043682,
2.2.2.5,2,2,5,26:04 min,26,4,26.07,8-BD,2,5,5,15.2,15,0,0,0,0,0,0,0,2:01 min,2,1,2.02,GOPR3685,15 and 29 on sheet as 43 and 46 
2.2.2.5,2,2,5,26:04 min,26,4,26.07,8-BD,2,5,5,,43,0,0,0,0,0,0,0,0,0,0,0,,
2.2.2.5,2,2,5,26:04 min,26,4,26.07,8-BD,2,5,5,29.2,29,0,0,0,0,0,0,0,1:53 min,1,53,1.88,,
2.2.2.10,2,2,5,26:04 min,26,4,26.07,8-BI,2,10,10,48.2,48,3,0,0,0,0,0,0,2:28 min,2,28,2.47,,
2.2.2.10,2,2,5,26:04 min,26,4,26.07,8-BI,2,10,10,50.2,50,3,1,0,2,0,0,0,2:31 min,2,31,2.52,,
2.2.2.5,2,2,5,26:04 min,26,4,26.07,8-BD,2,5,5,15.2,15,0,0,0,0,0,0,0,0:45 min,0,45,0.75,GP013685,
2.2.2.10,2,2,5,26:04 min,26,4,26.07,8-BI,2,10,10,48.2,48,0,0,0,0,0,0,0,4:42 min,4,42,4.7,,
2.2.2.5,2,2,5,26:04 min,26,4,26.07,8-BD,2,5,5,15.2,15,0,0,0,0,0,0,0,1:41 min,1,41,1.68,GP023685,
2.2.2.10,2,2,5,26:04 min,26,4,26.07,8-BI,2,10,10,48.2,48,0,0,0,0,0,0,0,0:27 min,0,27,0.45,,
2.2.2.10,2,2,5,26:04 min,26,4,26.07,8-BI,2,10,10,48.2,48,3,0,1,3,0,0,0,5:40 min,5,40,5.67,GP033685,big fight @19
2.2.2.10,2,2,5,26:04 min,26,4,26.07,8-BI,2,10,10,50.2,50,4,2,0,6,0,0,0,5:50 min,5,50,5.83,,
2.2.2.5,2,2,5,26:04 min,26,4,26.07,8-BD,2,5,5,29.2,29,0,0,0,0,0,1,1,2:03 min,2,3,2.05,,
1.2.3.2,1,2,6,19:53 min,19,53,19.88,10-BI,3,2,2,3.2,3,0,0,0,0,0,0,0,0:48 min,0,48,0.8,GOPR0041,
1.2.3.2,1,2,6,19:53 min,19,53,19.88,10-BI,3,2,2,4.2,4,0,0,0,0,0,3,0,2:47 min,2,47,2.78,,
1.2.3.2,1,2,6,19:53 min,19,53,19.88,10-BI,3,2,2,3.2,3,0,0,0,0,0,0,0,0:18 min,0,18,0.3,GP020041,
1.2.3.2,1,2,6,19:53 min,19,53,19.88,10-BI,3,2,2,4.2,4,0,0,0,0,0,0,0,0:34 min,0,34,0.57,,
1.2.2.2,1,2,6,19:53 min,19,53,19.88,10-BD,2,2,2,13.2,13,0,0,0,0,0,0,0,0:49 min,0,49,0.82,,
1.2.3.2,1,2,6,19:53 min,19,53,19.88,10-BI,3,2,2,3.2,3,1,1,0,2,0,1,1,0:38 min,0,38,0.63,GP030041,fought and stole mussel from #23 @7
1.2.3.2,1,2,6,19:53 min,19,53,19.88,10-BI,3,2,2,4.2,4,1,0,0,0,0,1,1,1:57 min,1,57,1.95,,
1.2.3.2,1,2,6,19:53 min,19,53,19.88,10-BI,3,2,2,23.2,23,1,0,0,0,0,1,0,4:15 min,4,15,4.25,,
1.2.3.2,1,2,6,19:53 min,19,53,19.88,10-BI,3,2,2,4.2,4,2,1,0,1,0,0,0,5:54 min,5,54,5.9,GP040041,
1.2.3.2,1,2,6,19:53 min,19,53,19.88,10-BI,3,2,2,23.2,23,1,0,1,2,0,0,0,1:49 min,1,49,1.82,,
1.2.2.2,1,2,6,19:53 min,19,53,19.88,10-BD,2,2,2,14.2,14,0,0,0,0,0,1,0,1:09 min,1,9,1.15,,
1.2.3.2,1,2,6,19:53 min,19,53,19.88,10-BI,3,2,2,4.2,4,0,0,0,0,0,0,0,5:21 min,5,21,5.35,GP050041,
1.2.3.2,1,2,6,19:53 min,19,53,19.88,10-BI,3,2,2,23.2,23,0,0,0,0,0,0,0,2:39 min,2,39,2.65,,
1.2.3.2,1,2,6,19:53 min,19,53,19.88,10-BI,3,2,2,3.2,3,0,1,0,2,0,0,0,0:12 min,0,12,0.2,GP060041,
1.2.3.2,1,2,6,19:53 min,19,53,19.88,10-BI,3,2,2,4.2,4,0,0,0,0,0,0,0,3:41 min,3,41,3.68,,
1.2.3.2,1,2,6,19:53 min,19,53,19.88,10-BI,3,2,2,23.2,23,0,0,0,0,0,0,0,0:27 min,0,27,0.45,,
1.2.3.2,1,2,6,19:53 min,19,53,19.88,10-BI,3,2,2,4.2,4,0,0,0,0,0,0,0,0:39 min,0,39,0.65,GP070041,
1.2.3.2,1,2,6,6:30 min,6,30,6.5,10-BI,3,2,2,23.2,23,0,0,0,0,0,0,0,1:09 min,1,9,1.15,,
2.1.1.5,2,1,6,19:53 min,19,53,19.88,10-BI,1,5,0,44.1,44,0,0,0,0,0,0,0,17:37 min,17,37,17.62,GOPR0042,
2.1.1.5,2,1,6,19:53 min,19,53,19.88,10-BI,1,5,0,44.1,44,0,0,0,0,0,0,0,2:49 min,2,49,2.82,GP010042,
2.1.2.2,2,1,6,19:53 min,19,53,19.88,10-BD,2,2,2,40.1,40,0,0,0,0,0,0,0,0:28 min,0,28,0.47,,
2.1.2.2,2,1,6,19:53 min,19,53,19.88,10-BD,2,2,2,52.1,52,0,1,0,1,0,0,0,0:01 min,0,1,0.02,,
2.1.2.2,2,1,6,19:53 min,19,53,19.88,10-BD,2,2,2,40.1,40,2,1,0,1,0,0,0,2:02 min,2,2,2.03,GP020042,
2.1.2.2,2,1,6,19:53 min,19,53,19.88,10-BD,2,2,2,52.1,52,3,0,1,2,0,0,0,0:46 min,0,46,0.77,,
2.1.1.5,2,1,6,19:53 min,19,53,19.88,10-BI,1,5,0,44.1,44,0,0,0,0,0,0,0,2:43 min,2,43,2.72,GP050042,
2.2.2.2,2,2,6,19:53 min,19,53,19.88,10-BI,2,2,2,52.2,52,2,2,0,3,0,2,1,7:14 min,7,14,7.23,GOPR0043,
2.2.2.2,2,2,6,19:53 min,19,53,19.88,10-BI,2,2,2,40.2,40,2,0,2,2,0,2,0,1:46 min,1,46,1.77,,
2.2.1.5,2,2,6,19:53 min,19,53,19.88,10-BD,1,5,5,44.2,44,0,0,0,0,0,0,0,0,0,38,0.63,,
2.2.2.2,2,2,6,19:53 min,19,53,19.88,10-BI,2,2,2,52.2,52,2,2,0,4,0,2,0,0,8,21,8.35,GP010043,
2.2.2.2,2,2,6,19:53 min,19,53,19.88,10-BI,2,2,2,40.2,40,2,0,2,4,0,1,0,0,1,30,1.5,,
2.2.1.5,2,2,6,19:53 min,19,53,19.88,10-BD,1,5,5,44.2,44,0,0,0,0,0,1,0,0,0,8,0.13,,
2.2.2.2,2,2,6,19:53 min,19,53,19.88,10-BI,2,2,2,52.2,52,1,0,1,2,0,0,0,0,8,25,8.42,GP020043,
2.2.2.2,2,2,6,19:53 min,19,53,19.88,10-BI,2,2,2,40.2,40,2,2,0,3,0,3,0,0,8,46,8.77,,
2.2.1.5,2,2,6,19:53 min,19,53,19.88,10-BD,1,5,5,44.2,44,0,0,0,0,0,2,1,0,0,37,0.62,,
2.2.2.2,2,2,6,19:53 min,19,53,19.88,10-BI,2,2,2,52.2,52,1,1,1,2,0,0,0,0,5,42,5.7,GP030043,
2.2.2.2,2,2,6,19:53 min,19,53,19.88,10-BI,2,2,2,40.2,40,2,1,1,2,0,4,0,0,6,55,6.92,,
2.2.2.2,2,2,6,19:53 min,19,53,19.88,10-BI,2,2,2,52.2,52,0,0,0,0,0,0,0,0,1,4,1.07,GP040043,
2.2.2.2,2,2,6,19:53 min,19,53,19.88,10-BI,2,2,2,40.2,40,0,0,0,0,0,1,0,0,2,7,2.12,,
2.2.2.2,2,2,6,19:53 min,19,53,19.88,10-BI,2,2,2,52.2,52,1,0,0,0,0,1,0,0,3,25,3.42,GP050043,
2.2.2.2,2,2,6,19:53 min,19,53,19.88,10-BI,2,2,2,40.2,40,2,1,0,1,0,1,0,0,5,25,5.42,,
2.2.1.5,2,2,6,19:53 min,19,53,19.88,10-BD,1,5,5,44.2,44,0,0,0,0,0,1,0,0,0,22,0.37,,
2.2.2.2,2,2,6,13:00 min,13,0,13,10-BI,2,2,2,52.2,52,0,0,0,0,0,0,0,0,2,34,2.57,GP060043,
2.2.2.2,2,2,6,13:00 min,13,0,13,10-BI,2,2,2,40.2,40,0,0,0,0,0,0,0,0,2,4,2.07,,
2.2.1.5,2,2,6,13:00 min,13,0,13,10-BD,1,5,5,44.2,44,0,0,0,0,0,0,0,0,0,12,0.2,,
2.2.3.10,2,2,1,19:53 min,19,53,19.88,1-BD,3,10,7,32.2,32,0,0,0,0,0,0,0,0,3,18,3.3,GOPR0798,
2.2.3.10,2,2,1,19:53 min,19,53,19.88,1-BD,3,10,7,18.2,18,0,0,0,0,0,0,0,0,0,0,0,,
2.2.3.10,2,2,1,19:53 min,19,53,19.88,1-BD,3,10,7,32.2,32,0,0,0,0,0,0,0,0,2,54,2.9,GP020798,
2.2.3.10,2,2,1,19:53 min,19,53,19.88,1-BD,3,10,7,32.2,32,0,0,0,0,0,0,0,0,0,36,0.6,GP020798,
2.2.3.10,2,2,1,19:53 min,19,53,19.88,1-BD,3,10,7,33.2,33,0,0,0,0,0,0,0,0,3,30,3.5,,
2.2.3.10,2,2,1,19:53 min,19,53,19.88,1-BD,3,10,7,32.2,32,0,0,0,0,0,0,0,0,2,56,2.93,GP030798,
2.2.3.10,2,2,1,19:53 min,19,53,19.88,1-BD,3,10,7,33.2,33,0,0,0,0,0,0,0,0,6,28,6.47,,
2.2.3.10,2,2,1,19:53 min,19,53,19.88,1-BD,3,10,7,32.2,32,2,0,2,3,0,1,0,0,13,28,13.47,GP040798,
2.2.3.10,2,2,1,19:53 min,19,53,19.88,1-BD,3,10,7,33.2,33,2,2,0,4,0,0,0,0,10,10,10.17,,
2.2.3.10,2,2,1,19:53 min,19,53,19.88,1-BD,3,10,7,32.2,32,1,2,2,6,0,0,0,0,15,44,15.73,GP050798,
2.2.3.10,2,2,1,19:53 min,19,53,19.88,1-BD,3,10,7,33.2,33,3,3,1,8,0,1,1,0,9,38,9.63,,
2.2.1.2,2,2,1,10:09 min,10,9,10.15,1-BI,1,2,2,38.2,38,0,0,0,0,0,0,0,0,1,42,1.7,GP060798,
3.1.2.10,3,1,1,,140,394,146.5666667,1-BD,2,10,0,62.1,62,0,0,0,0,0,0,0,0,0,0,0,,
3.1.2.10,3,1,1,,140,394,146.5666667,1-BD,2,10,0,72.1,72,0,0,0,0,0,0,0,0,0,0,0,,
3.1.1.10,3,1,1,,140,394,146.5666667,1-BI,1,10,1,70.1,70,0,0,0,0,0,0,0,0,0,0,0,,
3.1.3.10,3,1,2,19:53 min,19,53,19.88,2-BD,3,10,10,64.1,64,0,0,0,0,0,1,0,0,0,34,0.57,GOPR1436,
3.1.2.20,3,1,2,19:53 min,19,53,19.88,2-BI,2,20,13,65.1,65,0,0,0,0,0,0,0,0,0,0,0,,
3.1.2.20,3,1,2,19:53 min,19,53,19.88,2-BI,2,20,13,66.1,66,0,0,0,0,0,0,0,0,0,0,0,,
3.1.3.10,3,1,2,19:53 min,19,53,19.88,2-BD,3,10,10,64.1,64,0,0,0,0,0,1,0,0,0,44,0.73,GP011436,
3.1.3.10,3,1,2,19:53 min,19,53,19.88,2-BD,3,10,10,68.1,68,0,0,0,0,0,0,0,0,0,34,0.57,,
3.1.3.10,3,1,2,19:53 min,19,53,19.88,2-BD,3,10,10,67.1,67,0,0,0,0,0,0,0,0,3,38,3.63,GP021436,
3.1..,3,1,2,19:53 min,19,53,19.88,,,,,,,0,0,0,0,0,0,0,0,0,0,0,GP031436,
3.1..,3,1,2,19:53 min,19,53,19.88,,,,,,,0,0,0,0,0,0,0,0,0,0,0,GP041436,
3.1.3.10,3,1,2,19:53 min,19,53,19.88,2-BD,3,10,10,64.1,64,0,0,0,0,0,2,2,0,4,4,4.07,GP051436,
3.1.3.10,3,1,2,19:53 min,19,53,19.88,2-BD,3,10,10,68.1,68,1,0,0,0,0,0,0,0,0,56,0.93,,
3.1.3.10,3,1,2,19:53 min,19,53,19.88,2-BD,3,10,10,64.1,64,1,1,0,2,0,1,0,0,1,44,1.73,GP061436,
3.1.3.10,3,1,2,19:53 min,19,53,19.88,2-BD,3,10,10,67.1,67,1,0,0,0,0,0,0,0,4,28,4.47,,
3.1.3.10,3,1,2,19:53 min,19,53,19.88,2-BD,3,10,10,68.1,68,0,0,0,0,0,0,0,0,0,20,0.33,,
3.1.3.10,3,1,2,9:20 min,9,20,9.33,2-BD,3,10,10,64.1,64,1,1,0,1,0,1,0,0,1,18,1.3,GP071436,
3.2.3.10,3,2,2,19:53 min,19,53,19.88,2-BI,3,10,7,64.2,64,0,0,0,0,0,0,0,0,0,0,0,GOPR1437,
3.2.3.10,3,2,2,19:53 min,19,53,19.88,2-BI,3,10,7,67.2,67,0,0,0,0,0,0,0,0,0,0,0,,
3.2.3.10,3,2,2,19:53 min,19,53,19.88,2-BI,3,10,7,68.2,68,0,0,0,0,0,0,0,0,0,0,0,,
3.2.2.20,3,2,2,19:53 min,19,53,19.88,2-BD,2,20,9,65.2,65,0,0,0,0,0,0,0,0,0,0,0,,
3.2.2.20,3,2,2,19:53 min,19,53,19.88,2-BD,2,20,9,66.2,66,0,0,0,0,0,0,0,0,0,0,0,,
3.2..,3,2,2,19:53 min,19,53,19.88,,,,,,,0,0,0,0,0,0,0,0,0,0,0,GP011437,
3.2..,3,2,2,12:38 min,12,38,12.63,,,,,,,0,0,0,0,0,0,0,0,0,0,0,GP021437,
2.2.1.20,2,2,3,19:53 min,19,53,19.88,3-BI,1,20,6,41.2,41,0,0,0,0,0,0,0,0,0,0,0,GOPR0054,
2.2.3.2,2,2,3,19:53 min,19,53,19.88,3-BD,3,2,2,49.2,49,0,0,0,0,0,0,0,0,0,0,0,,
2.2..,2,2,3,19:53 min,19,53,19.88,,,,,,,0,0,0,0,0,0,0,0,0,0,0,GP010054,
2.2..,2,2,3,19:53 min,19,53,19.88,,,,,,,0,0,0,0,0,0,0,0,0,0,0,GP020054,
2.2.3.2,2,2,3,19:53 min,19,53,19.88,3-BD,3,2,2,35.2,35,0,0,0,0,0,0,0,0,0,16,0.27,GP030054,
2.2.3.2,2,2,3,19:53 min,19,53,19.88,3-BD,3,2,2,45.2,45,0,0,0,0,0,0,0,0,0,14,0.23,,
2.2.3.2,2,2,3,19:53 min,19,53,19.88,3-BD,3,2,2,45.2,45,0,0,0,0,0,0,0,0,0,22,0.37,GP040054,
2.2.3.2,2,2,3,19:53 min,19,53,19.88,3-BD,3,2,2,35.2,35,0,0,0,0,0,0,0,0,0,56,0.93,GP050054,
2.2.3.2,2,2,3,19:53 min,19,53,19.88,3-BD,3,2,2,45.2,45,1,1,0,2,0,0,0,0,0,17,0.28,,
2.2.3.2,2,2,3,10:25 min,10,25,10.42,3-BD,3,2,2,35.2,35,1,0,0,0,0,0,0,0,1,50,1.83,GP060054,
2.2.3.2,2,2,3,10:25 min,10,25,10.42,3-BD,3,2,2,45.2,45,1,1,0,1,0,0,0,0,0,38,0.63,,
3.1.1.2,3,1,3,19:53 min,19,53,19.88,3-BI,1,2,2,76.2,76,0,0,0,0,0,0,0,0,0,0,0,GOPR0055,
3.1.2.2,3,1,3,19:53 min,19,53,19.88,3-BD,2,2,2,73.2,73,0,0,0,0,0,0,0,0,0,0,0,,
3.1..,3,1,3,19:53 min,19,53,19.88,,,,,,,0,0,0,0,0,0,0,0,0,0,0,GP010055,
3.1..,3,1,3,19:53 min,19,53,19.88,,,,,,,0,0,0,0,0,0,0,0,0,0,0,GP020055,
3.1..,3,1,3,19:53 min,19,53,19.88,,,,,,,0,0,0,0,0,0,0,0,0,0,0,GP030055,
3.1.2.2,3,1,3,19:53 min,19,53,19.88,3-BD,2,2,2,69.1,69,0,0,0,0,0,0,0,0,2,26,2.43,GP040055,
3.1.2.2,3,1,3,19:53 min,19,53,19.88,3-BD,2,2,2,69.1,69,0,0,0,0,0,0,0,0,4,4,4.07,GP050055,
3.1.2.2,3,1,3,19:53 min,19,53,19.88,3-BD,2,2,2,69.1,69,0,0,0,0,0,0,0,0,0,28,0.47,GP060055,
3.1.2.2,3,1,3,13:46 min,13,46,13.77,3-BD,2,2,2,69.1,69,0,0,0,0,0,0,0,0,1,16,1.27,GP070055,
3.2.1.2,3,2,3,19:53 min,19,53,19.88,3-BD,1,2,2,76.2,76,0,0,0,0,0,1,1,0,2,16,2.27,GOPR0056,
3.2.1.2,3,2,3,19:53 min,19,53,19.88,3-BD,1,2,2,76.2,76,0,0,0,0,0,1,0,0,1,26,1.43,GP010056,
3.2.2.2,3,2,3,19:53 min,19,53,19.88,3-BI,2,2,2,73.2,73,0,0,0,0,0,0,0,0,4,14,4.23,,
3.2.2.2,3,2,3,19:53 min,19,53,19.88,3-BI,2,2,2,69.2,69,0,0,0,0,0,1,0,0,3,8,3.13,,
3.2.1.2,3,2,3,11:43 min,11,43,11.72,3-BD,1,2,2,76.2,76,0,0,0,0,0,0,0,0,0,16,0.27,GP020056,
3.2.2.2,3,2,3,11:43 min,11,43,11.72,3-BI,2,2,2,69.2,69,0,0,0,0,0,0,0,0,2,12,2.2,,
3.2.2.5,3,2,4,19:53 min,19,53,19.88,7-BD,2,5,4,78.2,78,0,1,0,1,0,2,0,0,5,52,5.87,GOPR0034,
3.2.2.5,3,2,4,19:53 min,19,53,19.88,7-BD,2,5,4,79.2,79,0,0,0,0,0,0,0,0,4,6,4.1,,
3.2.2.5,3,2,4,19:53 min,19,53,19.88,7-BD,2,5,4,79.2,79,0,0,0,0,0,0,0,0,0,50,0.83,GP010034,
3.2.2.5,3,2,4,19:53 min,19,53,19.88,7-BD,2,5,4,78.2,78,1,0,0,0,0,0,0,0,3,24,3.4,GP020034,
3.2.2.5,3,2,4,19:53 min,19,53,19.88,7-BD,2,5,4,79.2,79,1,0,0,0,0,0,0,0,0,42,0.7,,
3.2.2.5,3,2,4,19:53 min,19,53,19.88,7-BD,2,5,4,78.2,78,0,0,0,0,0,0,0,0,1,1,1.02,GP030034,
3.2.2.5,3,2,4,19:53 min,19,53,19.88,7-BD,2,5,4,79.2,79,0,0,0,0,0,2,0,0,1,50,1.83,,
3.2.2.5,3,2,4,19:53 min,19,53,19.88,7-BD,2,5,4,78.2,78,0,0,0,0,0,0,0,0,2,4,2.07,GP040034,
3.2.2.5,3,2,4,19:53 min,19,53,19.88,7-BD,2,5,4,79.2,79,0,0,0,0,0,0,0,0,0,10,0.17,,
3.2.2.5,3,2,4,19:53 min,19,53,19.88,7-BD,2,5,4,78.2,78,0,0,0,0,0,0,0,0,1,10,1.17,GP050034,
3.2.2.5,3,2,4,19:53 min,19,53,19.88,7-BD,2,5,4,79.2,79,0,0,0,0,0,0,0,0,0,56,0.93,,
3.2.2.5,3,2,4,19:53 min,19,53,19.88,7-BD,2,5,4,78.2,78,0,0,0,0,0,2,0,0,4,18,4.3,GP060034,
3.2.2.5,3,2,4,19:53 min,19,53,19.88,7-BD,2,5,4,79.2,79,0,0,0,0,0,0,0,0,4,2,4.03,,
3.2.2.5,3,2,4,19:53 min,19,53,19.88,7-BD,2,5,4,78.2,78,0,0,0,0,0,0,0,0,3,24,3.4,GP070034,
3.2.2.5,3,2,4,19:53 min,19,53,19.88,7-BD,2,5,4,79.2,79,0,2,0,2,0,0,0,0,6,37,6.62,,
3.2.2.5,3,2,4,15:06 min,15,6,15.1,7-BD,2,5,4,78.2,78,0,0,0,0,0,1,0,0,1,36,1.6,GP080034,
3.2.2.5,3,2,4,15:06 min,15,6,15.1,7-BD,2,5,4,79.2,79,0,0,0,0,0,1,0,0,2,18,2.3,,
3.1.1.20,3,1,5,19:53 min,19,53,19.88,8-BD,1,20,14,74.1,74,0,0,0,0,0,0,0,0,1,26,1.43,GP050033,
3.1.3.2,3,1,5,19:53 min,19,53,19.88,8-BI,3,2,2,75.1,75,0,0,0,0,0,0,0,0,0,0,0,,
3.1.3.2,3,1,5,19:53 min,19,53,19.88,8-BI,3,2,2,63.1,63,0,0,0,0,0,1,0,0,2,46,2.77,,
3.1.3.2,3,1,5,19:53 min,19,53,19.88,8-BI,3,2,2,61.1,61,0,0,0,0,0,0,0,0,0,44,0.73,,
3.1.1.20,3,1,5,18:16 min,18,16,18.27,8-BD,1,20,14,74.1,74,0,0,0,0,0,3,0,0,6,14,6.23,GP060033,view not good enough to tell if mussels were eaten
3.1.3.2,3,1,5,18:16 min,18,16,18.27,8-BI,3,2,2,63.1,63,0,0,0,0,0,2,0,0,8,2,8.03,,
3.1.3.2,3,1,5,18:16 min,18,16,18.27,8-BI,3,2,2,61.1,61,0,0,0,0,0,0,0,0,1,24,1.4,,
3.2.3.2,3,2,5,26:04 min,26,4,26.07,8-BD,3,2,2,75.2,75,0,0,0,0,0,0,0,0,3,5,3.08,GOPR3707,
3.2.3.2,3,2,5,26:04 min,26,4,26.07,8-BD,3,2,2,61.2,61,0,0,0,0,0,1,0,0,3,16,3.27,,
3.2.3.2,3,2,5,26:04 min,26,4,26.07,8-BD,3,2,2,75.2,75,1,0,0,0,0,0,0,0,11,16,11.27,GP013707,
3.2.3.2,3,2,5,26:04 min,26,4,26.07,8-BD,3,2,2,63.2,63,0,0,0,0,0,0,0,0,1,10,1.17,,
3.2.3.2,3,2,5,26:04 min,26,4,26.07,8-BD,3,2,2,61.2,61,0,0,0,0,0,0,0,0,0,28,0.47,,
3.2.3.2,3,2,5,26:04 min,26,4,26.07,8-BD,3,2,2,75.2,75,1,2,1,10,0,0,0,0,11,8,11.13,GP023707,
3.2.3.2,3,2,5,26:04 min,26,4,26.07,8-BD,3,2,2,63.2,63,1,1,1,8,0,0,0,0,3,50,3.83,,
3.2.3.2,3,2,5,26:04 min,26,4,26.07,8-BD,3,2,2,61.2,61,0,0,0,0,0,1,0,0,3,58,3.97,,
3.2.3.2,3,2,5,15:06 min,15,6,15.1,8-BD,3,2,2,75.2,75,1,0,1,1,0,0,0,0,2,12,2.2,GP033707,
3.2.3.2,3,2,5,15:06 min,15,6,15.1,8-BD,3,2,2,61.2,61,1,1,0,1,0,0,0,0,6,24,6.4,,
3.2.1.20,3,2,5,15:06 min,15,6,15.1,8-BI,1,20,13,74.2,74,0,0,0,0,0,1,0,0,0,50,0.83,,
3.1.3.20,3,1,6,19:53 min,19,53,19.88,10-BD,3,20,18,77.1,77,0,0,0,0,0,1,0,0,1,2,1.03,GP010044,
3.1.3.20,3,1,6,19:53 min,19,53,19.88,10-BD,3,20,18,71.1,71,0,0,0,0,0,0,0,0,0,16,0.27,,
3.1.3.20,3,1,6,19:53 min,19,53,19.88,10-BD,3,20,18,77.1,77,0,0,0,0,0,3,0,0,6,4,6.07,GP030044,
3.1.3.20,3,1,6,19:53 min,19,53,19.88,10-BD,3,20,18,77.1,77,1,1,0,1,0,4,1,0,2,58,2.97,GP040044,
3.1.3.20,3,1,6,19:53 min,19,53,19.88,10-BD,3,20,18,71.1,71,2,2,0,2,0,1,0,0,3,2,3.03,,
3.1.3.20,3,1,6,19:53 min,19,53,19.88,10-BD,3,20,18,60.1,60,2,1,1,4,0,2,0,0,4,50,4.83,,
3.1.3.20,3,1,6,19:53 min,19,53,19.88,10-BD,3,20,18,77.1,77,0,0,0,0,0,0,0,0,3,38,3.63,GP050044,
3.1.3.20,3,1,6,19:53 min,19,53,19.88,10-BD,3,20,18,71.1,71,1,1,0,1,0,0,0,0,4,6,4.1,,
3.1.3.20,3,1,6,19:53 min,19,53,19.88,10-BD,3,20,18,60.1,60,1,0,1,1,0,2,1,0,2,6,2.1,,
3.1.3.20,3,1,6,19:53 min,19,53,19.88,10-BD,3,20,18,77.1,77,0,0,0,0,0,0,0,0,0,36,0.6,GP060044,
3.1.3.20,3,1,6,19:53 min,19,53,19.88,10-BD,3,20,18,71.1,71,2,1,0,2,0,1,0,0,1,40,1.67,,
3.1.3.20,3,1,6,19:53 min,19,53,19.88,10-BD,3,20,18,60.1,60,2,0,1,3,0,1,1,0,2,2,2.03,,
3.1.3.20,3,1,6,00:32 min,0,32,0.53,10-BD,3,20,18,60.1,60,0,0,0,0,0,0,0,0,0,8,0.13,GP070044,
3.2.1.5,3,2,6,19:53 min,19,53,19.88,10-BD,1,5,3,80.2,80,0,0,0,0,0,3,1,0,2,40,2.67,GOPR0045,
3.2.3.20,3,2,6,19:53 min,19,53,19.88,10-BI,3,20,12,77.2,77,2,0,0,0,0,0,0,0,1,56,1.93,,
3.2.3.20,3,2,6,19:53 min,19,53,19.88,10-BI,3,20,12,60.2,60,2,0,0,0,0,7,2,0,5,10,5.17,,
3.2.1.5,3,2,6,19:53 min,19,53,19.88,10-BD,1,5,3,80.2,80,0,0,0,0,0,5,0,0,4,34,4.57,GP010045,
3.2.3.20,3,2,6,19:53 min,19,53,19.88,10-BI,3,20,12,77.2,77,0,0,0,0,0,0,0,0,1,4,1.07,,
3.2.3.20,3,2,6,19:53 min,19,53,19.88,10-BI,3,20,12,71.2,71,1,1,0,1,0,0,0,0,1,16,1.27,,
3.2.3.20,3,2,6,19:53 min,19,53,19.88,10-BI,3,20,12,60.2,60,1,0,1,1,0,1,1,0,2,14,2.23,,
3.2.1.5,3,2,6,19:53 min,19,53,19.88,10-BD,1,5,3,80.2,80,0,0,0,0,0,3,0,0,2,44,2.73,GP020045,
3.2.3.20,3,2,6,19:53 min,19,53,19.88,10-BI,3,20,12,60.2,60,0,0,0,0,0,4,2,0,2,14,2.23,,
3.2.1.5,3,2,6,19:53 min,19,53,19.88,10-BD,1,5,3,80.2,80,0,0,0,0,0,5,0,0,5,58,5.97,GP030045,
3.2.3.20,3,2,6,19:53 min,19,53,19.88,10-BI,3,20,12,77.2,77,0,0,0,0,0,0,0,0,0,48,0.8,,
3.2.3.20,3,2,6,19:53 min,19,53,19.88,10-BI,3,20,12,60.2,60,0,0,0,0,0,4,2,0,1,38,1.63,,
3.2.1.5,3,2,6,19:53 min,19,53,19.88,10-BD,1,5,3,80.2,80,0,0,0,0,0,3,0,0,4,16,4.27,GP040045,
3.2.3.20,3,2,6,19:53 min,19,53,19.88,10-BI,3,20,12,77.2,77,0,0,0,0,0,1,0,0,1,34,1.57,,
3.2.3.20,3,2,6,19:53 min,19,53,19.88,10-BI,3,20,12,71.2,71,0,0,0,0,0,1,0,0,0,32,0.53,,
3.2.3.20,3,2,6,19:53 min,19,53,19.88,10-BI,3,20,12,60.2,60,0,0,0,0,0,2,0,0,2,58,2.97,,
3.2.1.5,3,2,6,19:53 min,19,53,19.88,10-BD,1,5,3,80.2,80,0,0,0,0,0,2,0,0,5,14,5.23,GP050045,
3.2.3.20,3,2,6,19:53 min,19,53,19.88,10-BI,3,20,12,77.2,77,0,0,0,0,0,1,0,0,2,48,2.8,,
3.2.3.20,3,2,6,19:53 min,19,53,19.88,10-BI,3,20,12,60.2,60,0,0,0,0,0,2,1,0,4,4,4.07,,
3.2.1.5,3,2,6,19:53 min,19,53,19.88,10-BD,1,5,3,80.2,80,0,0,0,0,0,4,0,0,5,58,5.97,GP060045,
3.2.3.20,3,2,6,19:53 min,19,53,19.88,10-BI,3,20,12,77.2,77,1,0,0,0,0,5,0,0,4,16,4.27,,
3.2.3.20,3,2,6,19:53 min,19,53,19.88,10-BI,3,20,12,60.2,60,2,2,0,3,0,5,0,0,5,0,5,,
3.2.1.5,3,2,6,19:53 min,19,53,19.88,10-BD,1,5,3,80.2,80,0,0,0,0,0,2,1,0,4,26,4.43,GP070045,
3.2.3.20,3,2,6,19:53 min,19,53,19.88,10-BI,3,20,12,77.2,77,0,0,0,0,0,3,0,0,4,56,4.93,,
3.2.3.20,3,2,6,19:53 min,19,53,19.88,10-BI,3,20,12,60.2,60,1,1,0,1,0,2,0,0,4,42,4.7,,
3.2.1.5,3,2,6,16:13 min,16,13,16.22,10-BD,1,5,3,80.2,80,0,0,0,0,0,0,0,0,5,0,5,GP080045,
3.2.3.2,3,2,6,16:13 min,16,13,16.22,10-BI,3,2,12,77.2,77,0,0,0,0,0,3,0,0,6,24,6.4,,
1.1.2.2,1,1,6,19:53 min,19,53,19.88,10-BI,2,2,2,13.1,13,0,0,0,0,0,0,0,0,0,20,0.33,GOPR0039,
1.1.2.2,1,1,6,19:53 min,19,53,19.88,10-BI,2,2,2,13.1,13,0,0,0,0,0,0,0,0,0,44,0.73,GP010039,
1.1..,1,1,6,19:53 min,19,53,19.88,,,,,,,0,0,0,0,0,0,0,0,0,0,0,GP020039,
1.1.2.2,1,1,6,19:53 min,19,53,19.88,10-BI,2,2,2,13.1,13,0,0,0,0,0,1,0,0,1,4,1.07,GP030039,
1.1.3.2,1,1,6,19:53 min,19,53,19.88,10-BD,3,2,2,3.1,3,1,0,0,0,0,0,0,0,2,16,2.27,,
1.1.3.2,1,1,6,19:53 min,19,53,19.88,10-BD,3,2,2,4.1,4,1,0,0,0,0,0,0,0,3,10,3.17,,
1.1.3.2,1,1,6,19:53 min,19,53,19.88,10-BD,3,2,2,23.1,23,0,0,0,0,0,0,0,0,1,28,1.47,,
1.1.2.2,1,1,6,19:53 min,19,53,19.88,10-BI,2,2,2,13.1,13,0,0,0,0,0,2,1,0,0,54,0.9,GP040039,
1.1.3.2,1,1,6,19:53 min,19,53,19.88,10-BD,3,2,2,3.1,3,1,1,0,4,0,0,0,0,18,53,18.88,,clamped onto 23's back for entire clip
1.1.3.2,1,1,6,19:53 min,19,53,19.88,10-BD,3,2,2,4.1,4,1,0,0,0,0,1,0,0,8,10,8.17,,
1.1.3.2,1,1,6,19:53 min,19,53,19.88,10-BD,3,2,2,23.1,23,0,0,0,0,0,0,0,0,18,56,18.93,,
1.1.2.2,1,1,6,19:53 min,19,53,19.88,10-BI,2,2,2,13.1,13,0,0,0,0,0,0,0,0,2,30,2.5,GP050039,
1.1.3.2,1,1,6,19:53 min,19,53,19.88,10-BD,3,2,2,3.1,3,1,0,0,2,0,0,0,0,19,31,19.52,,
1.1.3.2,1,1,6,19:53 min,19,53,19.88,10-BD,3,2,2,4.1,4,0,0,0,0,0,0,0,0,6,8,6.13,,
1.1.3.2,1,1,6,19:53 min,19,53,19.88,10-BD,3,2,2,23.1,23,0,0,0,0,0,0,0,0,19,35,19.58,,
1.1.2.2,1,1,6,19:53 min,19,53,19.88,10-BI,2,2,2,13.1,13,0,0,0,0,0,0,0,0,0,59,0.98,GP060039,
1.1.3.2,1,1,6,19:53 min,19,53,19.88,10-BD,3,2,2,3.1,3,1,1,0,1,0,0,0,0,1,44,1.73,,
1.1.3.2,1,1,6,19:53 min,19,53,19.88,10-BD,3,2,2,4.1,4,0,0,0,0,0,0,0,0,0,22,0.37,,
1.1.3.2,1,1,6,19:53 min,19,53,19.88,10-BD,3,2,2,23.1,23,0,0,0,0,0,0,0,0,3,38,3.63,,
1.1.3.2,1,1,6,5:01 min,5,1,5.02,10-BD,3,2,2,3.1,3,0,0,0,0,0,0,0,0,2,32,2.53,GP070039,
1.1.3.2,1,1,6,5:01 min,5,1,5.02,10-BD,3,2,2,23.1,23,0,0,0,0,0,0,0,0,0,8,0.13,,
1.1.2.10,1,1,4,19:53 min,19,53,19.88,4-BI,2,10,3,7.1,7,0,0,0,0,0,0,0,0,0,7,0.12,GOPR0029,
1.1.2.10,1,1,4,19:53 min,19,53,19.88,4-BI,2,10,3,12.1,12,1,0,0,0,0,0,0,0,1,22,1.37,,
1.1.1.2,1,1,4,19:53 min,19,53,19.88,4-BD,1,2,1,15.1,15,0,0,0,0,0,0,0,0,1,32,1.53,,
1.1.2.10,1,1,4,19:53 min,19,53,19.88,4-BI,2,10,3,12.1,12,0,0,0,0,0,0,0,0,0,20,0.33,GP010029,
1.1.1.2,1,1,4,19:53 min,19,53,19.88,4-BD,1,2,1,15.1,15,0,0,0,0,0,0,0,0,4,4,4.07,,
1.1.2.10,1,1,4,19:53 min,19,53,19.88,4-BI,2,10,3,7.1,7,0,0,0,0,0,0,0,0,0,16,0.27,GP020029,
1.1.2.10,1,1,4,19:53 min,19,53,19.88,4-BI,2,10,3,12.1,12,0,0,0,0,0,1,0,0,4,20,4.33,,
1.1.1.2,1,1,4,19:53 min,19,53,19.88,4-BD,1,2,1,15.1,15,0,0,0,0,0,1,1,0,2,16,2.27,,
1.1.2.10,1,1,4,19:53 min,19,53,19.88,4-BI,2,10,3,7.1,7,0,0,0,0,0,0,0,0,0,32,0.53,GP030029,
1.1.1.2,1,1,4,19:53 min,19,53,19.88,4-BD,1,2,1,15.1,15,0,0,0,0,0,0,0,0,1,26,1.43,,
1.1.1.2,1,1,4,19:53 min,19,53,19.88,4-BD,1,2,1,15.1,15,0,0,0,0,0,0,0,0,2,2,2.03,GP040029,
1.1.1.2,1,1,4,19:53 min,19,53,19.88,4-BD,1,2,1,15.1,15,0,0,0,0,0,2,0,0,3,30,3.5,GP050029,
1.1.2.10,1,1,4,19:53 min,19,53,19.88,4-BI,2,10,3,12.1,12,0,0,0,0,0,0,0,0,1,53,1.88,GP060029,
1.1.1.2,1,1,4,19:53 min,19,53,19.88,4-BD,1,2,1,15.1,15,0,0,0,0,0,2,0,0,8,38,8.63,,
1.1.2.10,1,1,4,2:35 min,2,35,2.58,4-BI,2,10,3,7.1,7,0,0,0,0,0,0,0,0,0,3,0.05,GP070029,
1.1.2.10,1,1,4,2:35 min,2,35,2.58,4-BI,2,10,3,12.1,12,0,0,0,0,0,0,0,0,0,16,0.27,,
1.1.3.5,1,1,3,19:53 min,19,53,19.88,3-BI,3,5,5,6.1,6,0,0,0,0,0,0,0,0,1,24,1.4,GOPR0051,
1.1.1.5,1,1,3,19:53 min,19,53,19.88,3-BD,1,5,5,17.1.1,17,0,0,0,0,0,0,0,0,1,20,1.33,,
1.1.3.5,1,1,3,19:53 min,19,53,19.88,3-BI,3,5,5,6.1,6,0,0,0,0,0,0,0,0,2,16,2.27,GP010051,
1.1.3.5,1,1,3,19:53 min,19,53,19.88,3-BI,3,5,5,6.1,6,0,0,0,0,0,1,0,0,3,18,3.3,GP020051,
1.1.3.5,1,1,3,19:53 min,19,53,19.88,3-BI,3,5,5,20.1,20,0,0,0,0,0,0,0,0,0,14,0.23,,
1.1.1.5,1,1,3,19:53 min,19,53,19.88,3-BD,1,5,5,17.1.1,17,0,0,0,0,0,0,0,0,1,10,1.17,,
1.1.3.5,1,1,3,19:53 min,19,53,19.88,3-BI,3,5,5,5.1,5,0,0,0,0,0,0,0,0,0,19,0.32,GP030051,
1.1.3.5,1,1,3,19:53 min,19,53,19.88,3-BI,3,5,5,5.1,5,0,0,0,0,0,0,0,0,0,7,0.12,GP040051,
1.1.3.5,1,1,3,19:53 min,19,53,19.88,3-BI,3,5,5,6.1,6,0,0,0,0,0,1,0,0,2,4,2.07,,
1.1.3.5,1,1,3,19:53 min,19,53,19.88,3-BI,3,5,5,20.1,20,0,0,0,0,0,0,0,0,0,26,0.43,,
1.1.3.5,1,1,3,19:53 min,19,53,19.88,3-BI,3,5,5,5.1,5,0,0,0,0,0,0,0,0,0,21,0.35,GP050051,
1.1.3.5,1,1,3,19:53 min,19,53,19.88,3-BI,3,5,5,6.1,6,0,0,0,0,0,0,1,0,0,24,0.4,,
1.1.3.5,1,1,3,19:53 min,19,53,19.88,3-BI,3,5,5,20.1,20,0,0,0,0,0,0,0,0,0,34,0.57,,
1.1.3.5,1,1,3,19:53 min,19,53,19.88,3-BI,3,5,5,20.1,20,0,0,0,0,0,0,0,0,0,24,0.4,GP060051,
1.1.3.5,1,1,3,6:50 min,6,50,6.83,3-BI,3,5,5,6.1,6,0,0,0,0,0,1,0,0,3,11,3.18,GP070051,
1.1.2.20,1,1,2,19:53 min,19,53,19.88,2-BI,2,20,0,27.1,27,0,0,0,0,0,0,0,0,1,40,1.67,GOPR1431,
1.1.2.20,1,1,2,19:53 min,19,53,19.88,2-BI,2,20,0,26.1,26,0,0,0,0,0,0,0,0,0,46,0.77,GP011431,
1.1.2.20,1,1,2,19:53 min,19,53,19.88,2-BI,2,20,0,27.1,27,1,1,0,2,0,0,0,0,0,54,0.9,,
1.1.2.20,1,1,2,19:53 min,19,53,19.88,2-BI,2,20,0,26.1,26,0,0,0,0,0,0,0,0,5,32,5.53,GP021431,
1.1.2.20,1,1,2,19:53 min,19,53,19.88,2-BI,2,20,0,27.1,27,0,0,0,0,0,0,0,0,1,4,1.07,,
1.1.1.20,1,1,2,19:53 min,19,53,19.88,2-BD,1,20,3,19.1,19,0,0,0,0,0,0,0,0,0,7,0.12,,
1.1.2.20,1,1,2,19:53 min,19,53,19.88,2-BI,2,20,0,26.1,26,0,0,0,0,0,0,0,0,2,54,2.9,GP031431,
1.1.2.20,1,1,2,19:53 min,19,53,19.88,2-BI,2,20,0,27.1,27,1,0,0,0,0,3,0,0,13,10,13.17,,
1.1.1.20,1,1,2,19:53 min,19,53,19.88,2-BD,1,20,3,19.1,19,0,0,0,0,0,1,0,0,0,25,0.42,,
1.1.2.20,1,1,2,19:53 min,19,53,19.88,2-BI,2,20,0,26.1,26,0,0,0,0,0,0,0,0,2,43,2.72,GP041431,
1.1.2.20,1,1,2,19:53 min,19,53,19.88,2-BI,2,20,0,27.1,27,1,1,0,1,0,0,0,0,8,41,8.68,,
1.1.1.20,1,1,2,19:53 min,19,53,19.88,2-BD,1,20,3,19.1,19,0,0,0,0,0,0,0,0,1,26,1.43,,
1.1.2.20,1,1,2,19:53 min,19,53,19.88,2-BI,2,20,0,26.1,26,0,0,0,0,0,1,0,0,0,42,0.7,GP051431,
1.1.1.20,1,1,2,19:53 min,19,53,19.88,2-BD,1,20,3,19.1,19,0,0,0,0,0,0,0,0,0,22,0.37,,
1.1.2.20,1,1,2,19:53 min,19,53,19.88,2-BI,2,20,0,26.1,26,1,1,0,2,0,0,0,0,4,12,4.2,GP061431,
1.1.2.20,1,1,2,19:53 min,19,53,19.88,2-BI,2,20,0,27.1,27,0,0,0,0,0,0,0,0,5,56,5.93,,
1.1..,1,1,2,7:44 min,7,44,7.73,,,,,,,0,0,0,0,0,0,0,0,0,0,0,GP071431,
1.1.2.5,1,1,1,19:53 min,19,53,19.88,1-BD,2,5,4,25.1,25,0,0,0,0,0,0,0,0,1,28,1.47,GOPR0795,
1.1.3.20,1,1,1,19:53 min,19,53,19.88,1-BI,3,20,3,9.1,9,0,0,0,0,0,0,0,0,0,5,0.08,GP010795,
1.1.2.5,1,1,1,19:53 min,19,53,19.88,1-BD,2,5,4,25.1,25,0,0,0,0,0,0,0,0,2,44,2.73,,
1.1.2.5,1,1,1,19:53 min,19,53,19.88,1-BD,2,5,4,25.1,25,0,0,0,0,0,0,0,0,1,24,1.4,GP020795,
1.1.3.20,1,1,1,19:53 min,19,53,19.88,1-BI,3,20,3,2.1,2,2,1,0,1,0,0,0,0,4,28,4.47,GP030795,
1.1.3.20,1,1,1,19:53 min,19,53,19.88,1-BI,3,20,3,9.1,9,2,0,1,1,0,1,0,0,6,14,6.23,,
1.1.2.5,1,1,1,19:53 min,19,53,19.88,1-BD,2,5,4,25.1,25,0,0,0,0,0,0,0,0,0,19,0.32,,
1.1.2.5,1,1,1,19:53 min,19,53,19.88,1-BD,2,5,4,28.1,28,0,0,0,0,0,0,0,0,0,16,0.27,,
1.1.3.20,1,1,1,19:53 min,19,53,19.88,1-BI,3,20,3,2.1,2,0,0,0,0,0,1,0,0,8,21,8.35,GP040795,
1.1.3.20,1,1,1,19:53 min,19,53,19.88,1-BI,3,20,3,9.1,9,0,0,0,0,0,1,0,0,7,40,7.67,,
1.1.3.20,1,1,1,19:53 min,19,53,19.88,1-BI,3,20,3,10.1,10,0,0,0,0,0,0,0,0,7,30,7.5,,
1.1.2.5,1,1,1,19:53 min,19,53,19.88,1-BD,2,5,4,25.1,25,0,0,0,0,0,0,0,0,2,19,2.32,,
1.1.2.5,1,1,1,19:53 min,19,53,19.88,1-BD,2,5,4,28.1,28,2,1,0,1,0,0,0,0,8,20,8.33,,
1.1.3.20,1,1,1,19:53 min,19,53,19.88,1-BI,3,20,3,2.1,2,0,0,0,0,0,0,0,0,0,9,0.15,GP050795,
1.1.3.20,1,1,1,19:53 min,19,53,19.88,1-BI,3,20,3,9.1,9,0,0,0,0,0,1,0,0,1,15,1.25,,
1.1.3.20,1,1,1,19:53 min,19,53,19.88,1-BI,3,20,3,10.1,10,0,0,0,0,0,0,0,0,9,20,9.33,,
1.1.2.5,1,1,1,19:53 min,19,53,19.88,1-BD,2,5,4,25.1,25,0,0,0,0,0,0,0,0,2,44,2.73,,
1.1.2.5,1,1,1,19:53 min,19,53,19.88,1-BD,2,5,4,28.1,28,0,0,0,0,0,0,0,0,10,29,10.48,,
1.1.3.20,1,1,1,19:53 min,19,53,19.88,1-BI,3,20,3,9.1,9,0,0,0,0,0,0,1,0,0,58,0.97,GP060795,
1.1.3.20,1,1,1,19:53 min,19,53,19.88,1-BI,3,20,3,10.1,10,0,0,0,0,0,0,0,0,3,52,3.87,,
1.1.2.5,1,1,1,19:53 min,19,53,19.88,1-BD,2,5,4,25.1,25,0,0,0,0,0,0,0,0,1,46,1.77,,
1.1.2.5,1,1,1,19:53 min,19,53,19.88,1-BD,2,5,4,28.1,28,0,0,0,0,0,0,0,0,4,52,4.87,,
1.1.3.20,1,1,1,8:29 min,8,29,8.48,1-BI,3,20,3,10.1,10,0,0,0,0,0,0,0,0,7,32,7.53,GP070795,
1.1.2.5,1,1,1,8:29 min,8,29,8.48,1-BD,2,5,4,25.1,25,0,0,0,0,0,0,0,0,1,22,1.37,,